var1,var2,label1,label2,rho
TERT_FPKM,TTTGGG_singleton_dist,TERT FPKM,TTTGGG,0.3657847297970773
TTTGGG_singleton_dist,TERT_FPKM,NA,NA,0.3657847297970773
TERT_FPKM,TGAGGG_singleton_dist,TERT FPKM,TGAGGG,-0.23066273615495125
TGAGGG_singleton_dist,TERT_FPKM,NA,NA,-0.23066273615495125
telomere_content_log2,TCAGGG_singleton_dist,Tel. content (log2),TCAGGG,0.16718253051041607
TCAGGG_singleton_dist,telomere_content_log2,NA,NA,0.16718253051041607
tf_rate,TCAGGG_singleton_dist,TF rate,TCAGGG,0.13801984509903872
TCAGGG_singleton_dist,tf_rate,NA,NA,0.13801984509903872
tf_rate,TTGGGG_singleton_dist,TF rate,TTGGGG,0.13459216065480992
TTGGGG_singleton_dist,tf_rate,NA,NA,0.13459216065480992
telomere_insertion_rate,TTCGGG_singleton_dist,Tel. insertion,TTCGGG,0.11163097254989157
TTCGGG_singleton_dist,telomere_insertion_rate,NA,NA,0.11163097254989157
telomere_content_log2,TTGGGG_singleton_dist,Tel. content (log2),TTGGGG,0.09969997012640036
TTGGGG_singleton_dist,telomere_content_log2,NA,NA,0.09969997012640036
telomere_content_log2,GTAGGG_singleton_dist,Tel. content (log2),GTAGGG,-0.09240809203110727
GTAGGG_singleton_dist,telomere_content_log2,NA,NA,-0.09240809203110727
TERT_FPKM,TTCGGG_singleton_dist,TERT FPKM,TTCGGG,-0.08586618410062334
TTCGGG_singleton_dist,TERT_FPKM,NA,NA,-0.08586618410062334
TERT_FPKM,TCAGGG_singleton_dist,TERT FPKM,TCAGGG,0.08238387125939149
TCAGGG_singleton_dist,TERT_FPKM,NA,NA,0.08238387125939149
tf_rate,TAAGGG_singleton_dist,TF rate,TAAGGG,0.07929660906579328
TAAGGG_singleton_dist,tf_rate,NA,NA,0.07929660906579328
TERT_FPKM,TTGGGG_singleton_dist,TERT FPKM,TTGGGG,-0.07913072953218687
TTGGGG_singleton_dist,TERT_FPKM,NA,NA,-0.07913072953218687
telomere_insertion_rate,TCAGGG_singleton_dist,Tel. insertion,TCAGGG,0.0764111000449669
TCAGGG_singleton_dist,telomere_insertion_rate,NA,NA,0.0764111000449669
telomere_insertion_rate,TTGGGG_singleton_dist,Tel. insertion,TTGGGG,0.07391122663710357
TTGGGG_singleton_dist,telomere_insertion_rate,NA,NA,0.07391122663710357
telomere_content_log2,TAAGGG_singleton_dist,Tel. content (log2),TAAGGG,0.07267642103361951
TAAGGG_singleton_dist,telomere_content_log2,NA,NA,0.07267642103361951
TERT_FPKM,TAAGGG_singleton_dist,TERT FPKM,TAAGGG,-0.0669268418358202
TAAGGG_singleton_dist,TERT_FPKM,NA,NA,-0.0669268418358202
tf_rate,TTCGGG_singleton_dist,TF rate,TTCGGG,0.06397188554777239
TTCGGG_singleton_dist,tf_rate,NA,NA,0.06397188554777239
telomere_insertion_rate,ATAGGG_singleton_dist,Tel. insertion,ATAGGG,0.055740644173823024
ATAGGG_singleton_dist,telomere_insertion_rate,NA,NA,0.055740644173823024
telomere_content_log2,ATAGGG_singleton_dist,Tel. content (log2),ATAGGG,0.05160530109402157
ATAGGG_singleton_dist,telomere_content_log2,NA,NA,0.05160530109402157
telomere_insertion_rate,TTTGGG_singleton_dist,Tel. insertion,TTTGGG,0.05062333741883391
TTTGGG_singleton_dist,telomere_insertion_rate,NA,NA,0.05062333741883391
TERT_FPKM,CTAGGG_singleton_dist,TERT FPKM,CTAGGG,0.04468409416153938
CTAGGG_singleton_dist,TERT_FPKM,NA,NA,0.04468409416153938
telomere_content_log2,TTCGGG_singleton_dist,Tel. content (log2),TTCGGG,-0.04448420158360005
TTCGGG_singleton_dist,telomere_content_log2,NA,NA,-0.04448420158360005
tf_rate,CTAGGG_singleton_dist,TF rate,CTAGGG,0.04393590970734825
CTAGGG_singleton_dist,tf_rate,NA,NA,0.04393590970734825
TERT_FPKM,ATAGGG_singleton_dist,TERT FPKM,ATAGGG,0.037352997337244155
ATAGGG_singleton_dist,TERT_FPKM,NA,NA,0.037352997337244155
tf_rate,ATAGGG_singleton_dist,TF rate,ATAGGG,0.03512889327473787
ATAGGG_singleton_dist,tf_rate,NA,NA,0.03512889327473787
tf_rate,TTTGGG_singleton_dist,TF rate,TTTGGG,-0.033589365370117065
TTTGGG_singleton_dist,tf_rate,NA,NA,-0.033589365370117065
telomere_content_log2,TGAGGG_singleton_dist,Tel. content (log2),TGAGGG,0.028482439622145618
TGAGGG_singleton_dist,telomere_content_log2,NA,NA,0.028482439622145618
telomere_content_log2,CTAGGG_singleton_dist,Tel. content (log2),CTAGGG,0.026852330413630533
CTAGGG_singleton_dist,telomere_content_log2,NA,NA,0.026852330413630533
tf_rate,TGAGGG_singleton_dist,TF rate,TGAGGG,0.02542943687609049
TGAGGG_singleton_dist,tf_rate,NA,NA,0.02542943687609049
telomere_insertion_rate,TAAGGG_singleton_dist,Tel. insertion,TAAGGG,-0.023666229185013377
TAAGGG_singleton_dist,telomere_insertion_rate,NA,NA,-0.023666229185013377
TERT_FPKM,GTAGGG_singleton_dist,TERT FPKM,GTAGGG,-0.022548184344780717
GTAGGG_singleton_dist,TERT_FPKM,NA,NA,-0.022548184344780717
tf_rate,GTAGGG_singleton_dist,TF rate,GTAGGG,0.017579988589382194
GTAGGG_singleton_dist,tf_rate,NA,NA,0.017579988589382194
telomere_insertion_rate,TGAGGG_singleton_dist,Tel. insertion,TGAGGG,-0.01611533072932857
TGAGGG_singleton_dist,telomere_insertion_rate,NA,NA,-0.01611533072932857
telomere_insertion_rate,CTAGGG_singleton_dist,Tel. insertion,CTAGGG,-0.010443442252277323
CTAGGG_singleton_dist,telomere_insertion_rate,NA,NA,-0.010443442252277323
telomere_insertion_rate,GTAGGG_singleton_dist,Tel. insertion,GTAGGG,0.0034494671825211613
GTAGGG_singleton_dist,telomere_insertion_rate,NA,NA,0.0034494671825211613
telomere_content_log2,TTTGGG_singleton_dist,Tel. content (log2),TTTGGG,0.001553642827581096
TTTGGG_singleton_dist,telomere_content_log2,NA,NA,0.001553642827581096
